<?xml version="1.0" encoding="UTF-8" ?>
<!DOCTYPE mapper
        PUBLIC "-//mybatis.org//DTD Mapper 3.0//EN"
        "http://mybatis.org/dtd/mybatis-3-mapper.dtd">
<mapper namespace="client.mapper.UserMapper">
    <select id="getUserList" resultType="user">
        select * from chat.user
    </select>
    <insert id="addUser" parameterType="user">
        insert into chat.user(id,name,password) values(#{id},#{name},#{password});
    </insert>

    <update id="updateName" parameterType="map">
        update chat.user set name = #{name} where id = #{id}
    </update>
    <select id="logIn" parameterType="int" resultType="String">
        select password from chat.user where id = #{id}
    </select>

    <select id="getName" parameterType="int" resultType="String">
        select name from user where id = #{id}
    </select>
</mapper>